[
    {   "id":1,
        "marca": "Fierce",
        "modelo": "FM18SI29AM211",
        "rodado": 16,
        "anio": 2019,
        "color": "celeste",
        "pesoEnKilogramos": 13,
        "tipo": "Montañera",
        "precio": 500,
         "vendida": true
    },
    {   "id":2,
        "marca": "Shifter",
        "modelo": "FM18F29AM210",
        "rodado": 26,
        "anio": 2020,
        "color": "negro",
        "pesoEnKilogramos": 15,
        "tipo": "Paseo",
        "precio": 600,
         "vendida": true
    },
    {   "id":3,
        "marca": "Olmo",
        "modelo": "Regal",
        "rodado": 28,
        "anio": 2021,
        "color": "gris",
        "pesoEnKilogramos": 16,
        "tipo": "Retro",
        "precio": 700,
         "vendida": false
    },
    {   "id":4,
        "marca": "Battle",
        "modelo": "Sunshine",
        "rodado": 29,
        "anio": 2022,
        "color": "amarillo",
        "pesoEnKilogramos": 17,
        "tipo": "Triatlón",
        "precio": 800,
        "vendida": false
    },
    {   "id":5,
        "marca": "TopMega",
        "modelo": "Techno",
        "rodado": 26,
        "anio": 2023,
        "color": "rosa",
        "pesoEnKilogramos": 16,
        "tipo": "Paseo",
        "precio": 900,
         "vendida": false
    },
    {   "id":6,
        "marca": "Fixie",
        "modelo": "Ruta",
        "rodado": 29,
        "anio": 2020,
        "color": "rojo",
        "pesoEnKilogramos": 16,
        "tipo": "Paseo",
        "precio": 1000,
         "vendida": false
    }  


]